score,word
5,protests
5,trump
4,la
4,gaza
4,aid
3,watch
3,summit
3,killed
2,weinstein
2,alberta
2,canada
2,there
2,up
2,carney
2,tariff
2,air
2,days
2,moment
2,three
2,israel
2,aukus
2,each
2,hamas
2,submarine
2,control
2,crowd
2,africa
2,iran
2,expected
2,china
2,cuts
2,mean
2,case
2,rise
1,expanded
1,australia
1,drop
1,ready
1,guindos
1,de
1,growth
1,slow
1,threat
1,deal
1,between
1,concerned
1,uk
1,curfew
1,ecb
1,boos
1,cheers
1,kennedy
1,family
1,center
1,starvation
1,alert
1,children
1,fill
1,night
1,downtown
1,under
1,club
1,world
1,cup
1,you
1,will
1,need
1,tensions
1,iraq
1,snooping
1,embassy
1,provisions
1,evacuate
1,refugee
1,partially
1,massive
1,border
1,imports
1,bill
1,african
1,hope
1,tariffs
1,breakthrough
1,all
1,economy
1,shrinks
1,hit
1,kenya
1,talks
1,ward
1,sentenced
1,lawyers
1,defense
1,continue
1,trains
1,guard
1,national
1,plan
1,abrego
1,strike
1,leaked
1,analyst
1,cia
1,agenda
1,first
1,kilmar
1,garcia
1,part
1,hospitals
1,siwar
1,baby
1,malnourished
1,relief
1,cry
1,frail
1,seeking
1,ask
1,palestinians
1,dozens
1,pretrial
1,him
1,release
1,judge
1,america
1,pact
1,brian
1,trade
1,being
1,controls
1,export
1,negotiations
1,arms
1,resemble
1,predecessor
1,weapons
1,life
1,boy
1,beach
1,images
1,iconic
1,wilson
1,key
1,side
1,reviewing
1,luxury
1,showed
1,ice
1,then
1,wash
1,car
1,vehicles
1,polished
1,arsenal
1,jes
1,other
1,closer
1,away
1,allies
1,pushing
1,funeral
1,rose
1,wanted
1,juror
1,watchdog
1,global
1,room
1,jury
1,return
1,won
1,charge
1,advisers
1,rape
1,declared
1,mistrial
1,policies
1,targeting
1,peaceful
1,finds
1,failing
1,meet
1,nuclear
1,obligations
1,faces
1,leadership
1,vacuum
1,critical
1,time
1,demise
1,war
1,council
1,rfk
1,jr
1,appoints
1,new
1,largely
1,season
1,wildfire
1,assassination
1,crash
1,boeing
1,hegseth
1,suggests
1,pentagon
1,contingency
1,plans
1,greenland
1,force
1,dozen
1,canadian
1,sikhs
1,face
1,active
1,threats
1,worst
1,organization
1,warns
1,interest
1,rate
1,gathering
1,strength
1,security
1,drags
1,senator
1,out
1,noem
1,press
1,briefing
1,nd
1,vaccine
1,sacking
1,president
1,erupts
1,staff
1,palestinian
1,eight
1,least
1,group
1,backed
1,kilauea
1,committee
1,arc
1,lava
1,molten
1,fountains
1,union
1,offer
1,bus
1,attack
1,lessons
1,international
1,amid
1,unrest
1,wholesale
1,prices
1,india
1,may
1,april
1,labor
1,department
1,below
1,economists
1,had
1,zambia
1,post
1,latest
1,put
1,decision
1,expect
1,military
1,parade
1,no
1,kings
1,legal
1,win
1,son
1,tricked
1,moving
1,parents
1,sake
1,truth
1,victim
1,stand
1,government
1,six
1,boat
1,activists
1,deported
1,detention
1,burundi
1,ruling
1,party
1,wins
1,every
1,seat
1,poll
1,rivals
1,democracy
1,evacuated
