pubdate,source,title,link
2025-06-05-04-13-00 +0000,wsj,AUD’s Role as Economic Shock Absorber Might Fade,https://www.wsj.com/finance/currencies/asian-currencies-consolidate-fed-rate-cut-prospects-may-support-623dc091
2025-06-05-03-49-26 +0000,nyt,Drone Attacks Are the New Front in War. Can NATO Keep Up?,https://www.nytimes.com/2025/06/04/world/europe/ukraine-russia-drones-nato.html
2025-06-05-03-22-03 +0000,nyt,Trump Travel Order Bans People From 12 Countries From Entering U.S.,https://www.nytimes.com/2025/06/04/us/politics/trump-travel-ban.html
2025-06-05-03-22-00 +0000,wsj,Judge Blocks Deportation of Boulder Suspect’s Family,https://www.wsj.com/us-news/judge-blocks-deportation-of-boulder-suspects-family-dd60aee7
2025-06-05-03-04-09 +0000,nyt,U.S. Brings Back Guatemalan Wrongly Deported to Mexico,https://www.nytimes.com/2025/06/04/us/politics/guatemalan-deported-mexico-trump.html
2025-06-05-02-53-00 +0000,wsj,China Services Sector Picks Up Slightly Despite Lower Orders,https://www.wsj.com/economy/china-services-sector-picks-up-slightly-despite-lower-orders-0b4c055f
2025-06-05-02-30-20 +0000,nyt,What is the Hajj? What to Know About the Pilgrimage and Saudi Arabia’s Preparations,https://www.nytimes.com/2025/06/04/world/middleeast/saudi-arabia-hajj-heat.html
2025-06-05-02-00-00 +0000,wsj,Trump Halts New Foreign Student Enrollment at Harvard,https://www.wsj.com/us-news/education/trump-issues-proclamation-suspending-foreign-students-at-harvard-e62859c4
2025-06-05-01-35-00 +0000,wsj,Trump’s Crackdown on Foreign Students Threatens to Disrupt Pipeline of Inventors,https://www.wsj.com/us-news/education/trump-international-student-inventors-6a449fe1
2025-06-05-00-00-00 +0000,wsj,‘The Attacker Wanted Us to Burn.’ Victims Recount Terror of Colorado Firebombing.,https://www.wsj.com/us-news/boulder-colorado-attack-victims-6d603614
2025-06-04-22-41-13 +0000,nyt,Trump and Putin Discuss Ukraine Drone Strike and Iran Nuclear Deal in Phone Call,https://www.nytimes.com/2025/06/04/us/politics/trump-putin-ukraine.html
2025-06-04-22-34-00 +0000,wsj,Trump Administration Attacks Columbia’s Accreditation,https://www.wsj.com/us-news/education/trump-administration-attacks-columbias-accreditation-54e4fa72
2025-06-04-22-27-00 +0000,wsj,Opinion | Ending a Tax Break for Lawsuits,https://www.wsj.com/opinion/lawsuits-tax-break-foreign-investment-firms-thom-tillis-kevin-hern-86b2d7d8
2025-06-04-22-20-07 +0000,nyt,U.S. Vetoes U.N. Resolution Demanding Immediate Gaza Cease-Fire,https://www.nytimes.com/2025/06/04/world/middleeast/un-security-council-gaza-cease-fire.html
2025-06-04-22-19-00 +0000,wsj,Trump Administration Threatens to Pull Funding for California High-Speed Rail,https://www.wsj.com/us-news/trump-administration-threatens-to-pull-funding-for-california-high-speed-rail-c2b05d4d
2025-06-04-22-08-32 +0000,nyt,Why South Korea’s New Leader Name Checked North Korea but Not China,https://www.nytimes.com/2025/06/04/world/asia/south-korea-president-north-china.html
2025-06-04-22-07-03 +0000,nyt,Israeli-Backed Aid Sites in Gaza Close Temporarily After Deadly Shootings,https://www.nytimes.com/2025/06/04/world/middleeast/israeli-aid-sites-gaza.html
2025-06-04-21-52-15 +0000,nyt,Trump Wants America to Make Things Again. Does It Have What It Takes?,https://www.nytimes.com/2025/06/04/business/trump-us-manufacturing.html
2025-06-04-21-41-00 +0000,wsj,Opinion | As We Get Older and Stop Making Cents,https://www.wsj.com/opinion/as-we-get-older-and-stop-making-cents-penny-leaving-circulation-inflation-federal-debt-48fba5dd
2025-06-04-21-38-00 +0000,wsj,"Opinion | A $4.5 Trillion Tax Increase, or Not?",https://www.wsj.com/opinion/congress-tax-bill-cbo-score-deficit-spending-taxes-b4e7dbff
2025-06-04-21-36-00 +0000,wsj,Opinion | Full Expensing Boosts Economic Growth,https://www.wsj.com/opinion/full-expensing-boosts-economic-growth-tax-reform-37cb1501
2025-06-04-21-31-04 +0000,nyt,"Putin Intends to Respond to Ukraine Strikes on Russian Bombers, Trump Says",https://www.nytimes.com/2025/06/04/world/europe/putin-zelensky-accusations-escalation.html
2025-06-04-21-09-00 +0000,wsj,Opinion | Medicaid Is Overdue for a Big Beautiful Overhaul,https://www.wsj.com/opinion/medicaid-is-overdue-for-a-big-beautiful-overhaul-258e04da
2025-06-04-21-02-59 +0000,nyt,Thursday Briefing: Trump’s Call With Putin,https://www.nytimes.com/2025/06/04/briefing/trump-putin-gaza-hajj-switch-2.html
2025-06-04-20-15-29 +0000,nyt,Israel Says It Made Record Weapons Sales Abroad While Fighting War,https://www.nytimes.com/2025/06/04/world/middleeast/israel-weapons-sales.html
2025-06-04-19-41-01 +0000,nyt,Canadian National Parks Offer Alternatives to U.S. Parks,https://www.nytimes.com/2025/06/03/travel/canada-national-parks.html
2025-06-04-19-27-00 +0000,wsj,Some economists are beginning to question the accuracy of recent U.S. inflation data after the federal government said staffing shortages hampered its ability to conduct a massive monthly survey,https://www.wsj.com/economy/cpi-inflation-data-accuracy-8bd2a8ae
2025-06-04-19-08-29 +0000,nyt,Trump Delighted by Saudi Deal for Two Rare Arabian Leopards,https://www.nytimes.com/2025/06/04/us/politics/leopards-trump-saudi.html
2025-06-04-18-53-32 +0000,nyt,"Rosana Paulino, a Brazilian Artist Who Wields Poetry and Persistence",https://www.nytimes.com/2025/06/04/arts/design/rosana-paulino-brazil-studio.html
2025-06-04-18-32-00 +0000,wsj,Opinion | Donald Trump Needs the Likes of Leonard Leo,https://www.wsj.com/opinion/donald-trump-needs-the-likes-of-leonard-leo-federalist-society-cd07b1a0
2025-06-04-18-15-00 +0000,wsj,Man Charged With Providing Explosive Materials for Palm Springs Fertility Clinic Bombing,https://www.wsj.com/us-news/daniel-park-fertility-clinic-arrest-2db2c7ca
2025-06-04-17-57-19 +0000,nyt,"U.K. Exempt From Trump’s 50% Steel Tariff, but Europe Still Has to Pay",https://www.nytimes.com/2025/06/04/business/uk-trump-tariffs-steel.html
2025-06-04-17-09-00 +0000,wsj,"The Bank of Canada left its main interest rate unchanged, at 2.75%, saying the economy has softened but not deteriorated, and inflation has picked up steam",https://www.wsj.com/articles/bank-of-canada-keeps-policy-rate-steady-at-2-75-cc33f1b4
2025-06-04-17-06-04 +0000,nyt,A Guide to Madrid’s Maritime Treasures,https://www.nytimes.com/2025/06/04/travel/maritime-madrid.html
2025-06-04-16-49-52 +0000,nyt,"Pierre Nora, 93, Who Probed Role of Memory in the Writing of History, Dies",https://www.nytimes.com/2025/06/03/books/pierre-nora-dead.html
2025-06-04-16-44-16 +0000,nyt,"As Trump Wavers, Europe Is More Optimistic About Defending Ukraine",https://www.nytimes.com/2025/06/04/world/europe/ukraine-europe-nato.html
2025-06-04-16-40-37 +0000,nyt,Deadly Crowd Crush Mars Celebration for Indian Cricket Championship,https://www.nytimes.com/2025/06/04/world/asia/india-bengaluru-cricket-stampede.html
2025-06-04-16-00-00 +0000,wsj,Trump’s Old High School Is in Trouble (Again). Can a Chinese Businessman Fix It?,https://www.wsj.com/us-news/education/trumps-old-high-school-is-in-trouble-again-can-a-chinese-businessman-fix-it-68f45c7f
2025-06-04-15-51-53 +0000,nyt,Trump Budget Eliminates Funding for Crucial Global Vaccination Programs,https://www.nytimes.com/2025/06/04/health/trump-budget-global-health-polio.html
2025-06-04-15-33-50 +0000,nyt,"Ancient Trees, Dwindling in the Wild, Thrive on Sacred Ground",https://www.nytimes.com/2025/06/04/science/ancient-trees-china-temples-conservation.html
2025-06-04-15-00-32 +0000,nyt,"Germans Are Buying More Electric Cars, but Not Teslas",https://www.nytimes.com/2025/06/04/business/tesla-elon-musk-germany-europe-sales.html
2025-06-04-14-37-44 +0000,nyt,What to Know About Canada’s Wildfires in Manitoba and Saskatchewan,https://www.nytimes.com/article/canada-wildfires-2025.html
2025-06-04-14-37-00 +0000,wsj,U.S. Services-Sector Activity Unexpectedly Contracts as Tariffs Raise Uncertainty,https://www.wsj.com/economy/central-banking/u-s-services-sector-activity-unexpectedly-contracts-as-tariffs-raise-uncertainty-fa7a3616
2025-06-04-14-03-01 +0000,nyt,"Attack on Aid Convoy in Sudan Kills 5, U.N. Says",https://www.nytimes.com/2025/06/04/world/africa/sudan-united-nations-convoy-attack.html
2025-06-04-14-01-42 +0000,nyt,Jury in El Salvador Convicts 3 Ex-Officers in 1982 Killings of Dutch Journalists,https://www.nytimes.com/2025/06/04/world/americas/el-salvador-killings-dutch-journalists-1982.html
2025-06-04-13-48-50 +0000,nyt,"Jacinda Ardern, New Zealand’s Former Prime Minister, Pushes Kindness in New Book",https://www.nytimes.com/2025/06/03/style/jacinda-ardern-book-new-zealand.html
2025-06-04-13-42-43 +0000,nyt,"Ayatollah Khamenei, Iran’s Supreme Leader, Calls U.S. Nuclear Deal Proposal ‘Nonsense’",https://www.nytimes.com/2025/06/04/world/middleeast/iran-nuclear-uranium-trump.html
2025-06-04-13-24-00 +0000,wsj,Celebrity Lawyer Thomas Girardi Sentenced to Seven Years for Fraud,https://www.wsj.com/us-news/law/celebrity-lawyer-thomas-girardi-sentenced-to-7-years-for-fraud-16a45c34
2025-06-04-13-01-50 +0000,nyt,"Meet Rachel Hauck, the Set Designer Behind the Tony-Nominated Ship From ‘Swept Away’",https://www.nytimes.com/2025/06/04/arts/rachel-hauck-swept-away-set-design-tonys-2025.html
2025-06-04-13-00-06 +0000,nyt,"In Puerto Rico, a Struggle for Power Comes to Light",https://www.nytimes.com/2025/06/04/insider/puerto-rico-power-outage.html
2025-06-04-12-55-54 +0000,nyt,"As Trump’s Tariffs Nudge Canada Toward Free Interprovincial Trade, Gerard Comeau Gets His Revenge",https://www.nytimes.com/2025/06/04/world/canada/trump-canada-province-trade-beer.html
2025-06-04-08-46-39 +0000,nyt,Smoke From Canadian Wildfires Approaches the Northeast,https://www.nytimes.com/2025/06/03/weather/canada-wildfires-smoke-us-air-quality.html
2025-06-04-08-35-46 +0000,nyt,Vietnam Abolishes Two-Child Policy,https://www.nytimes.com/2025/06/04/world/asia/vietnam-two-child-policy.html
2025-06-04-07-25-13 +0000,nyt,South Korea’s New President Will Face Deep Divisions and the Trump Administration,https://www.nytimes.com/2025/06/03/world/asia/lee-south-korea-new-president.html
2025-06-04-04-01-08 +0000,nyt,China Really Wants to Attract Talented Scientists. Trump Just Helped.,https://www.nytimes.com/2025/06/04/world/asia/trump-science-visa-china.html
2025-06-04-03-21-00 +0000,wsj,Slowing Australia Economy Vulnerable as World Growth Stalls,https://www.wsj.com/economy/slowing-australia-economy-vulnerable-as-world-growth-stalls-722038ff
2025-06-04-03-07-39 +0000,nyt,U.S.-China Trade War Morphs From Tariffs Into Fight Over Supply Chain,https://www.nytimes.com/2025/06/03/business/economy/us-china-trade-supply-chains.html
2025-06-04-01-02-00 +0000,wsj,"Inside Diddy’s Secret World, as Described by His Former Assistants",https://www.wsj.com/us-news/diddy-trial-personal-assistants-a3794f8d
2025-06-04-00-35-29 +0000,nyt,U.S. Proposal in Iran Nuclear Talks Allows Some Enrichment of Uranium,https://www.nytimes.com/2025/06/03/us/politics/iran-nuclear-deal-proposal.html
2025-06-04-00-30-59 +0000,nyt,Where ​South Korea’s New President​ Lee Jae-myung Stands on Trump and North Korea,https://www.nytimes.com/2025/06/03/world/asia/south-korea-lee-jae-myung-policy.html
2025-06-03-23-27-57 +0000,nyt,At Least 27 Killed After Israeli Soldiers Open Fire Near Gaza Aid Site,https://www.nytimes.com/2025/06/03/world/middleeast/gaza-aid-site-shooting-israel.html
2025-06-03-23-05-00 +0000,wsj,"Newark Mayor Sues U.S. Attorney Alina Habba, Accusing Her of False Arrest",https://www.wsj.com/us-news/law/newark-mayor-ras-baraka-sues-alina-habba-4400eaf4
2025-06-03-22-36-00 +0000,wsj,"Harvey Weinstein Should Be Convicted Again for Sex Crimes, Prosecutors Say",https://www.wsj.com/us-news/law/harvey-weinstein-new-trial-closing-arguments-5186edde
2025-06-03-22-32-26 +0000,nyt,Dutch Government Collapses After Geert Wilders Withdraws Right-Wing Party,https://www.nytimes.com/2025/06/03/world/europe/geert-wilders-netherlands-coalition.html
2025-06-03-21-44-00 +0000,wsj,ICE Detains Family of Suspected Colorado Attacker,https://www.wsj.com/us-news/law/family-of-suspected-colorado-attacker-being-detained-by-ice-c7b06e32
2025-06-03-21-35-27 +0000,nyt,"Macron and Meloni Meet, Searching for Unity in a World of Conflict",https://www.nytimes.com/2025/06/03/world/europe/meloni-macron-meeting-europe-trade-war-trump.html
2025-06-03-21-31-09 +0000,nyt,"Trump’s Domestic Policy Bill Could Hurt Global Poor, Especially Africa",https://www.nytimes.com/2025/06/03/world/africa/trump-bill-remittance-tax-africa.html
2025-06-03-21-27-20 +0000,nyt,Mexico’s Supreme Court Likely to Be Dominated by the Governing Morena,https://www.nytimes.com/2025/06/03/world/americas/mexico-election-results.html
2025-06-03-21-01-44 +0000,nyt,Wednesday Briefing: Staggering Casualties in Ukraine,https://www.nytimes.com/2025/06/03/briefing/ukraine-russia-casualties-korea-election.html
2025-06-03-20-49-43 +0000,nyt,How a 3D-Printed Rifle Ended Up in the Middle of the Baltic Sea,https://www.nytimes.com/2025/06/03/world/europe/aland-islands-3d-printed-guns-finland.html
2025-06-03-20-34-16 +0000,nyt,Willem Dafoe Shines His Spotlight on Theater’s Avant-Garde Past,https://www.nytimes.com/2025/06/03/theater/venice-theater-biennale-willem-dafoe.html
2025-06-03-20-21-37 +0000,nyt,Young South Korean Voters Are Disenchanted With Their Choices,https://www.nytimes.com/2025/06/03/world/asia/south-korea-election-young-voters.html
2025-06-03-19-32-08 +0000,nyt,French Lawmakers Vote to Promote Alfred Dreyfus Amid Rising Antisemitism,https://www.nytimes.com/2025/06/03/world/europe/france-antisemitism-dreyfus.html
2025-06-03-19-04-24 +0000,nyt,U.S. Charges 2 Chinese Students With Smuggling Fungus,https://www.nytimes.com/2025/06/03/us/politics/chinese-students-fungus.html
2025-06-03-19-01-00 +0000,wsj,Milwaukee Man Charged With Forging Trump Threat Letters to Facilitate Deportation of Witness,https://www.wsj.com/us-news/milwaukee-man-charged-with-forging-trump-threat-letters-to-facilitate-deportation-of-witness-8c7c8447
2025-06-03-18-03-57 +0000,nyt,"Trump’s Tariffs Will Drag Down the Global Economy, OECD Says",https://www.nytimes.com/2025/06/03/business/trump-tariffs-oecd.html
2025-06-03-18-00-31 +0000,nyt,Here are the latest developments.,https://www.nytimes.com/live/2025/06/03/world/south-korea-presidential-election/here-are-the-latest-developments
2025-06-03-17-58-48 +0000,nyt,Who Is South Korea’s New Leader?,https://www.nytimes.com/video/world/asia/100000010202472/who-is-lee-jae-myung.html
2025-06-03-17-56-00 +0000,wsj,"President Trump’s tariffs threaten to crimp U.S. economic growth this year while boosting inflation, the Organization for Economic Cooperation and Development said in a new forecast",https://www.wsj.com/economy/global/world-growth-to-slow-amid-trade-turmoil-oecd-warns-dace820e
2025-06-03-17-00-40 +0000,nyt,"Persecuted by Mao, Xi’s Father Became a Reformer. Did Xi Reject His Legacy?",https://www.nytimes.com/2025/06/03/business/xi-zhongxun-biography-father.html
2025-06-03-16-30-31 +0000,nyt,Police Renew Searches in Madeleine McCann Investigation in Portugal,https://www.nytimes.com/2025/06/03/world/europe/madeleine-mccann-search-portugal.html
2025-06-03-15-35-00 +0000,nyt,What to Know About Ukraine’s Drone Attack on Russia,https://www.nytimes.com/2025/06/02/world/europe/ukraine-russia-drone-strike-what-to-know.html
2025-06-03-15-27-02 +0000,nyt,Ukraine Reports Striking Russia-Crimea Bridge With Underwater Explosives,https://www.nytimes.com/2025/06/03/world/europe/russia-ukraine-crimea-bridge.html
2025-06-03-14-17-04 +0000,nyt,Ukraine’s Drone Strike on Russia Aims to Change Putin’s Calculus,https://www.nytimes.com/2025/06/03/world/europe/russia-ukraine-drone-attack-putin-war.html
2025-06-03-12-00-00 +0000,wsj,"The Bank of Canada is expected to keep its main interest rate unchanged Wednesday, setting aside signs of trouble in the job market and domestic demand to focus on core inflation",https://www.wsj.com/articles/hot-core-inflation-expected-to-keep-bank-of-canada-on-sidelines-fa2f6bb1
2025-06-03-11-12-00 +0000,wsj,BOJ’s Ueda Says Rate Hikes Will Only Come When Economy Is Ready,https://www.wsj.com/articles/bojs-ueda-promises-not-to-push-for-rate-hikes-if-economy-isnt-strong-enough-b2eb98a0
2025-06-03-10-33-00 +0000,wsj,"Bank of England to Keep Cutting Rates But How Far, Fast Is Unclear, Bailey Says",https://www.wsj.com/articles/bank-of-england-to-keep-cutting-rates-but-how-far-fast-is-unclear-bailey-says-c57a1d61
2025-06-03-10-26-10 +0000,nyt,South Korea Presidential Election 2025: What to Know,https://www.nytimes.com/2025/06/02/world/asia/south-korea-election-what-to-know.html
2025-06-03-10-00-00 +0000,wsj,Eurozone Inflation Falls Below Target,https://www.wsj.com/economy/global/eurozone-inflation-falls-below-target-nailing-on-ecb-rate-cut-c4b87756
2025-06-03-08-09-00 +0000,wsj,Global Markets Mostly Lower on Continued Trade Tensions; Eurozone CPI Data In Focus,https://www.wsj.com/economy/central-banking/global-markets-mostly-lower-on-continued-trade-tensions-eurozone-cpi-data-in-focus-60dcfafd
2025-06-03-08-02-00 +0000,wsj,Switzerland Records Deflation for First Time in Four Years,https://www.wsj.com/economy/central-banking/switzerland-records-deflation-for-first-time-in-four-years-b6943d80
2025-06-03-07-34-25 +0000,nyt,"The removal of a ‘political overhang’ could lead to a market rally, analysts say.",https://www.nytimes.com/live/2025/06/03/world/south-korea-presidential-election/the-removal-of-a-political-overhang-could-lead-to-a-market-rally-analysts-say
2025-06-03-04-51-27 +0000,nyt,Ukraine Shows It Can Still Flip the Script on How Wars Are Waged,https://www.nytimes.com/2025/06/02/us/politics/ukraine-russia-drone-attack.html
2025-06-02-23-08-17 +0000,nyt,Hudson’s Bay Stores to Close in Canada,https://www.nytimes.com/2025/06/01/world/canada/canada-hudsons-bay-stores-closing.html
2025-06-02-22-44-46 +0000,nyt,"Ngugi wa Thiong’o, Writer Who Condemned Colonists and Elites, Dies at 87",https://www.nytimes.com/2025/05/28/books/ngugi-wa-thiongo-dead.html
2025-06-02-22-41-00 +0000,wsj,"Colorado Molotov-Cocktail Suspect Disguised Himself as Gardener, Police Say",https://www.wsj.com/us-news/boulder-colorado-attack-mohamed-sabry-soliman-disguise-b065ff73
2025-06-02-22-26-22 +0000,nyt,Low Turnout in Mexico’s Judicial Election Fuels Legitimacy Concerns,https://www.nytimes.com/2025/06/02/world/americas/mexico-judicial-election-low-turnout.html
2025-06-02-22-04-47 +0000,nyt,"Mount Etna Erupts in Sicily, Sending Hikers Scrambling for Cover",https://www.nytimes.com/2025/06/02/travel/mount-etna-volcano-eruption-sicily-italy.html
2025-06-02-21-35-00 +0000,wsj,Suspect in Colorado Incendiary Attack Charged With Federal Hate Crime,https://www.wsj.com/us-news/boulder-colorado-attack-suspect-mohamed-sabry-update-79233085
2025-06-02-21-15-45 +0000,nyt,Supreme Court Candidates Try TikTok and Tinder in Mexico’s Elections,https://www.nytimes.com/2025/05/30/world/americas/mexico-judges-social-media.html
2025-06-02-20-54-55 +0000,nyt,Gaza Cease-Fire Negotiations Hit A New Impasse Over An Old Dispute,https://www.nytimes.com/2025/06/02/world/middleeast/gaza-cease-fire-negotiations-impasse.html
2025-06-02-17-40-25 +0000,nyt,"More Than 20 Killed Near Aid Distribution Site in Gaza, Health Officials Say",https://www.nytimes.com/2025/06/01/world/middleeast/gaza-aid-distribution-site-attack.html
2025-06-02-09-00-21 +0000,nyt,She Crowdfunded Surgery to Repair Damage From Genital Cutting,https://www.nytimes.com/2025/06/02/world/africa/female-genital-cutting-tik-tok.html
2025-06-02-06-36-00 +0000,wsj,ECB Set to Cut Rates Again and Keep Options Open,https://www.wsj.com/economy/global/ecb-set-to-cut-rates-again-and-keep-options-open-7e0ae01c
2025-06-02-01-42-41 +0000,nyt,Mexico’s Judicial Election: What to Know,https://www.nytimes.com/2025/05/29/world/americas/mexico-judicial-election.html
2025-06-02-01-00-00 +0000,wsj,The Law Firms That Appeased Trump—and Angered Their Clients,https://www.wsj.com/us-news/law/law-firms-trump-deals-clients-71b3616d
2025-06-02-00-47-59 +0000,nyt,"Mexico Votes in Sprawling, First-Ever Judiciary Election",https://www.nytimes.com/2025/06/01/world/americas/mexico-judiciary-election-supreme-court.html
2025-06-01-11-08-15 +0000,nyt,"Mexico’s Vote on Nearly 2,700 Judges Will Test Its Democracy",https://www.nytimes.com/2025/05/31/world/americas/mexico-election-morena-democracy.html
2025-06-01-09-01-45 +0000,nyt,Will Voting for Judges Help or Hurt Mexico’s Democracy?,https://www.nytimes.com/2025/06/01/world/americas/mexico-judicial-election-dangers.html
2025-06-01-09-01-21 +0000,nyt,Why Mexico’s Judicial Election is a Controversial Experiment,https://www.nytimes.com/video/world/americas/100000010195231/why-mexicos-judicial-election-is-a-controversial-experiment.html
2025-06-01-09-00-25 +0000,nyt,Five Things to Know About MAID in Canada,https://www.nytimes.com/2025/06/01/magazine/medically-assisted-dying-canada-takeaways.html
2025-06-01-01-00-00 +0000,wsj,The Trump administration wants to sell shares in Fannie Mae and Freddie Mac. How it does so will have a big impact on home buyers and homeowners.,https://www.wsj.com/economy/housing/trump-mortgage-government-shares-fannie-freddie-2d990238
2025-06-01-00-55-00 +0000,wsj,South Korea’s Exports Drop as Tariffs Take Toll,https://www.wsj.com/economy/trade/south-koreas-exports-drop-as-tariffs-take-toll-fd52c515
2025-05-31-22-10-56 +0000,nyt,U.S. Says Hamas Response to Gaza Cease-Fire Proposal ‘Only Takes Us Backward’,https://www.nytimes.com/2025/05/31/world/middleeast/israel-gaza-hamas-ceasefire-proposal.html
2025-05-31-20-21-25 +0000,nyt,"Muhammad Sinwar, a Top Military Leader of Hamas, Is Dead, Israel Says",https://www.nytimes.com/2025/05/31/world/middleeast/muhammad-sinwar-hamas-israel.html
2025-05-31-16-00-00 +0000,wsj,The South Is Having Second Thoughts About Trading Pine Trees for Solar Panels,https://www.wsj.com/us-news/climate-environment/the-south-is-having-second-thoughts-about-trading-pine-trees-for-solar-panels-0f62b4ab
2025-05-31-15-33-57 +0000,nyt,Israel Bars Arab Foreign Ministers From High-Level West Bank Visit,https://www.nytimes.com/2025/05/31/world/middleeast/israel-arab-ministers-west-bank.html
2025-05-31-15-29-09 +0000,nyt,A Library on the Canada-U.S.Border Is Ensnared by Trump’s Foreign Policy,https://www.nytimes.com/2025/05/30/world/canada/haskell-free-library-opera-house-quebec-vermont-border.html
2025-05-31-13-14-42 +0000,nyt,ACLU Presses to Stop Trump’s Use of Alien Enemies Act in Court Brief,https://www.nytimes.com/2025/05/31/us/politics/aclu-trump-venezuelan-immigrants-alien-enemies-act.html
2025-05-31-12-14-48 +0000,nyt,"Flooding in Nigeria Flattens a Town, Killing at Least 151",https://www.nytimes.com/2025/05/30/world/africa/flooding-nigeria-africa-mokwa.html
2025-05-31-10-00-07 +0000,nyt,A Trade Court Rebuke of Trump’s Tariffs Offers Little Relief to Canada,https://www.nytimes.com/2025/05/31/world/canada/trade-court-tariffs-canada.html
2025-05-31-09-30-00 +0000,wsj,Why Does Trump Keep Saying Harvard Teaches Remedial Math?,https://www.wsj.com/us-news/education/harvard-remedial-math-trump-7946f317
2025-05-31-09-30-00 +0000,wsj,Landslides Leave Big Sur’s Beloved Landmarks Fighting for Survival,https://www.wsj.com/us-news/climate-environment/big-sur-landslides-landmarks-1f941e9b
2025-05-31-07-12-14 +0000,nyt,An Ex-Convict and Cartel Lawyers Are Among Mexico’s Judicial Candidates,https://www.nytimes.com/2025/05/29/world/americas/mexico-judicial-election-candidates.html
2025-05-31-04-08-00 +0000,wsj,International Students Fear Leaving the U.S. as Trump’s Visa Threats Mount,https://www.wsj.com/us-news/education/international-student-travel-visas-trump-a3d2f0a5
2025-05-31-03-58-57 +0000,nyt,Trump Officials Deported Another Man Despite Court Order,https://www.nytimes.com/2025/05/30/us/politics/trump-deportation-el-salvador.html
2025-05-31-03-14-00 +0000,wsj,"President Trump said he would double tariffs on imported steel, making the announcement at a Pittsburgh rally promoting a $14 billion deal between Nippon Steel and U.S. Steel",https://www.wsj.com/economy/trade/trump-is-praising-his-u-s-steel-deal-no-one-is-sure-what-it-means-a6cb15b5
2025-05-30-19-04-17 +0000,nyt,Iranian Film at South by Southwest London Offers a Dose of Hope,https://www.nytimes.com/2025/05/30/movies/sxsw-london-amirali-navaee.html
2025-05-30-18-57-04 +0000,nyt,Smoke From Wildfires in Canada Wafts Into the Upper Midwest,https://www.nytimes.com/2025/05/30/weather/wildfires-canada-smoke.html
2025-05-30-17-57-21 +0000,nyt,"Israel Orders Evacuation of Much of Northern Gaza, Warning of Dangerous Combat",https://www.nytimes.com/2025/05/30/world/middleeast/israel-gaza-evacuation-order.html
2025-05-30-17-36-00 +0000,wsj,Live Q&A: Trump Takes On Harvard—We Answered Your Questions,https://www.wsj.com/us-news/education/live-q-a-trump-takes-on-harvardask-wsj-your-questions-e6e3a2b1
2025-05-30-15-52-58 +0000,nyt,U.S. Oil Companies Are ‘Battening Down the Hatches’,https://www.nytimes.com/2025/05/30/business/energy-environment/oil-companies-production-prices-opec.html
2025-05-30-15-32-44 +0000,nyt,Islamic State Says It Targeted Syrian Forces in Bomb Attacks,https://www.nytimes.com/2025/05/30/world/middleeast/islamic-state-attacks-syria.html
2025-05-30-13-48-00 +0000,wsj,"A court ruling that upends many of President Trump’s tariffs could blunt U.S. inflation and recession risks if it’s upheld. For now, it’s mostly heightening confusion.",https://www.wsj.com/economy/trade/economists-cautiously-cheer-court-ruling-striking-down-trumps-tariffs-17b41b19
2025-05-30-09-03-44 +0000,nyt,"In Gaza’s Emaciated Children, a Hunger Crisis Is Laid Bare",https://www.nytimes.com/2025/05/30/world/middleeast/gaza-children-hunger.html
2025-05-30-09-02-17 +0000,nyt,How White South Africans Are Persuading Trump to Accept Them as Refugees,https://www.nytimes.com/2025/05/30/world/africa/south-africa-trump-afrikaners-refugees.html
2025-05-30-02-25-23 +0000,nyt,New Aid Site in Gaza Brings More Scenes of Chaos,https://www.nytimes.com/2025/05/29/world/middleeast/israel-gaza.html
2025-05-30-01-00-00 +0000,wsj,"With President Trump’s trade strategy threatened by court rulings, his team is weighing a twofold alternative response",https://www.wsj.com/economy/trade/trump-trade-tariff-strategy-pivot-bfe11596
2025-05-30-01-00-00 +0000,wsj,Targeting Chinese Students Threatens the Bottom Line at American Universities,https://www.wsj.com/us-news/education/targeting-chinese-students-threatens-the-bottom-line-at-american-universities-c64a89b5
2025-05-30-00-15-31 +0000,nyt,Canada Wildfires Prompt State of Emergency in Manitoba and Force Evacuations,https://www.nytimes.com/2025/05/29/world/canada/canada-wildfires-manitoba-evacuations.html
2025-05-29-23-00-30 +0000,nyt,UK Weighs Sanctions on 2 Israeli Ministers as Gaza Crisis Worsens,https://www.nytimes.com/2025/05/29/world/europe/gaza-deaths-uk-sanctions-far-right-israel.html
2025-05-29-22-48-00 +0000,nyt,"South African Woman Sentenced to Life in Prison for Trafficking Missing Daughter, 6",https://www.nytimes.com/2025/05/29/world/africa/south-africa-trafficking-daughter.html
2025-05-29-22-19-58 +0000,nyt,Trump Administration Targets Brazilian Judge for “Censorship”,https://www.nytimes.com/2025/05/29/world/americas/trump-brazil-judge-censorship.html
2025-05-29-20-38-18 +0000,nyt,White House Puts Israel-Backed Cease-Fire Proposal to Hamas Amid Growing Pressure,https://www.nytimes.com/2025/05/29/us/politics/israel-gaza-cease-fire-trump.html
2025-05-29-19-51-00 +0000,wsj,President Trump claims tariffs will make the U.S. rich. A coalition of states and small businesses argued the opposite in court and dealt a blow to his trade war,https://www.wsj.com/economy/trade/the-economic-arguments-that-launched-the-suits-against-trump-tariffs-aa8fb373
2025-05-29-16-41-00 +0000,wsj,"Governments will have to “work hard” to fix economic imbalances and roll back the spread of subsidies that have fueled challenges to the free-trade system, Bank of England Gov. Andrew Bailey said.",https://www.wsj.com/articles/returning-to-more-open-trade-calls-for-hard-work-says-boes-bailey-6a377ed8
2025-05-29-15-17-00 +0000,wsj,Pending Home Sales Slump as Mortgage Prices Weigh,https://www.wsj.com/economy/housing/pending-home-sales-slump-as-mortgage-prices-weigh-08f415f2
2025-05-29-12-57-00 +0000,wsj,U.S. Jobless Claims Rose Last Week,https://www.wsj.com/economy/jobs/u-s-jobless-claims-rose-last-week-9925d71b
2025-05-28-15-02-13 +0000,nyt,What to Know About the Deportees the Trump Administration Wants to Send to South Sudan,https://www.nytimes.com/2025/05/26/world/africa/trump-deportations-south-sudan.html
2025-05-28-08-18-53 +0000,nyt,Trump Asks Supreme Court to Let Him Send Migrants to South Sudan,https://www.nytimes.com/2025/05/27/us/politics/trump-deportations-south-sudan.html
2025-05-27-16-21-08 +0000,nyt,"Congo’s Former President Returns Home, Accused of Treason",https://www.nytimes.com/2025/05/27/world/africa/congo-kabila-returns-treason.html
2025-05-24-13-45-43 +0000,nyt,"Simon Mann, Mercenary Who Sought to Overthrow African Ruler, Dies at 72",https://www.nytimes.com/2025/05/22/world/africa/simon-mann-dead.html
2025-05-23-19-59-48 +0000,nyt,South Africa Sets the Stage for Starlink Approval,https://www.nytimes.com/2025/05/23/world/africa/south-africa-elon-musk-trump-starlink-white-house.html
2025-05-23-16-43-00 +0000,wsj,"First-Time Home Buyers Downsize Amid Tight Supply, High Interest Rates",https://www.wsj.com/economy/housing/first-time-home-buyers-downsize-amid-tight-supply-high-interest-rates-2b89511b
2025-05-23-03-32-27 +0000,nyt,Trump Makes False Genocide Claims. South Africans Respond With Humor.,https://www.nytimes.com/2025/05/22/world/africa/trump-false-genocide-claims-south-africans-respond-humor.html
2025-05-23-01-10-50 +0000,nyt,Trump Confirms Attempted Deportation of Migrants to South Sudan,https://www.nytimes.com/2025/05/22/us/politics/trump-deportations-south-sudan.html
2025-05-22-22-44-51 +0000,nyt,U.S. to Impose Sanctions on Sudan Over Use of Chemical Weapons,https://www.nytimes.com/2025/05/22/world/africa/us-sanctions-sudan-chemical-weapons.html
2025-05-22-18-15-47 +0000,nyt,"Who Is Julius Malema, the South African Politician in the White House Video?",https://www.nytimes.com/2025/05/22/world/africa/julius-malema-south-africa-white-house-video.html
2025-05-22-16-17-00 +0000,wsj,"Weather Service Enters Hurricane Season With Cuts to Staff, Office Hours and Data",https://www.wsj.com/us-news/climate-environment/hurricane-season-national-weather-service-cuts-75f449fd
2025-05-22-14-42-00 +0000,wsj,"Sales of existing homes declined in April, after mounting economic uncertainty and steep housing costs pushed buyers away for the second consecutive month",https://www.wsj.com/economy/housing/home-sales-in-april-fell-for-the-second-straight-month-1be8482a
2025-05-22-13-17-26 +0000,nyt,Trump Casts Himself as a Protector of Persecuted White People,https://www.nytimes.com/2025/05/21/us/politics/trump-race-south-africa.html
2025-05-22-11-07-22 +0000,nyt,South Africa Wanted to Talk Trade. Then Trump Turned Down the Lights.,https://www.nytimes.com/2025/05/22/world/africa/south-africa-trump-oval-office-genocide.html
2025-05-19-09-30-00 +0000,wsj,"President Trump has pledged to bring more factory work back to the U.S., but many manufacturing jobs are already going unfilled",https://www.wsj.com/economy/jobs/will-anyone-take-the-factory-jobs-trump-wants-to-bring-back-to-america-f6cd377b
2025-05-18-15-00-00 +0000,wsj,Small-Town Locals and Newcomers Unite Against a Common Foe: Data Centers,https://www.wsj.com/us-news/climate-environment/west-virginia-data-centers-2f9c9ece
2025-05-16-18-51-00 +0000,wsj,"The University of Michigan said Friday its preliminary index of consumer sentiment for May was 50.8, down about 3% from a final reading of 52.2 in April",https://www.wsj.com/economy/consumers/early-read-on-consumer-sentiment-falls-to-second-lowest-on-record-8a5e995a
2025-05-16-13-45-00 +0000,wsj,U.S. Housing Starts Ticked Up in April,https://www.wsj.com/articles/u-s-housing-starts-ticked-up-in-april-f37aea8c
2025-05-15-11-43-00 +0000,wsj,"Rebound Leaves Asset Prices out of Line With Geopolitical Risks, Says ECB’s De Guindos",https://www.wsj.com/economy/global/rebound-leaves-asset-prices-out-of-line-with-geopolitical-risks-says-ecbs-de-guindos-babe340d
2025-05-13-13-01-00 +0000,wsj,Netflix and Meta’s Carbon Credits Snared in Dispute With Maasai Herders,https://www.wsj.com/us-news/climate-environment/netflix-and-metas-carbon-credits-snared-in-dispute-with-maasai-herders-4f01a59f
2025-05-08-12-50-00 +0000,wsj,Jobless Claims Fell Last Week,https://www.wsj.com/economy/jobs/jobless-claims-fell-last-week-979a98be
2025-05-05-01-00-00 +0000,wsj,Major U.S. employers are starting to take a new approach to jobs: Hire less—or not at all,https://www.wsj.com/economy/jobs/us-companies-hiring-trends-tariffs-1e94f9b2
2025-05-02-20-33-00 +0000,wsj,The U.S. labor market steadily added jobs last month despite jolting tariff announcements that many economists expect will give way to a trade policy-induced slowdown later this year,https://www.wsj.com/economy/jobs/jobs-report-april-2025-unemployment-economy-6ad2bdac
2025-04-28-09-30-00 +0000,wsj,"Heard on the Street: Fear of rising prices can make upfront purchases rational for some groups, but not all",https://www.wsj.com/economy/consumers/inflation-fear-is-making-some-people-spend-moreand-others-less-4ba9f519
2025-04-26-01-00-00 +0000,wsj,Americans are feeling gloomy about the economy after President Trump’s market-rattling first few months in office. But overall they are keeping the economy humming—for now.,https://www.wsj.com/economy/consumers/us-economic-sentiment-spending-23d95f36
2025-04-25-17-40-00 +0000,wsj,"American households ended April feeling much worse about the economy than they did in March, according to a closely watched measure of consumer sentiment",https://www.wsj.com/economy/consumers/consumer-sentiment-university-michigan-april-2025-008b1b93
2025-04-25-03-54-00 +0000,wsj,U.K. Consumers’ Mood Darkens Under Tariff Clouds,https://www.wsj.com/economy/consumers/u-k-consumers-mood-darkens-under-tariff-clouds-ff73c157
2025-03-10-18-17-00 +0000,wsj,Do I Get Taxed on a High-Yield Savings Account?,https://www.wsj.com/buyside/personal-finance/taxes/do-i-get-taxed-on-a-high-yield-savings-account
2025-03-10-16-33-00 +0000,wsj,Home Equity Loan vs. Home Equity Line of Credit (Heloc),https://www.wsj.com/buyside/personal-finance/mortgage/heloc-vs-home-equity-loan
2025-03-10-16-22-00 +0000,wsj,Current Mortgage Rates for March 2025,https://www.wsj.com/buyside/personal-finance/mortgage/mortgage-rates
